time,voc_message
1765289629871766741,Temp: 30.41 °C  Hum: 63.71%  VOC: 130.70 kΩ
1765289631240954886,Temp: 30.41 °C  Hum: 63.70%  VOC: 129.88 kΩ
1765289632609923866,Temp: 30.42 °C  Hum: 63.70%  VOC: 130.19 kΩ
1765289633979029641,Temp: 30.42 °C  Hum: 63.68%  VOC: 129.58 kΩ
1765289635348036323,Temp: 30.42 °C  Hum: 63.69%  VOC: 130.19 kΩ
1765289636716818100,Temp: 30.43 °C  Hum: 63.68%  VOC: 129.78 kΩ
1765289638086074059,Temp: 30.43 °C  Hum: 63.66%  VOC: 129.68 kΩ
1765289639455203945,Temp: 30.43 °C  Hum: 63.66%  VOC: 128.78 kΩ
1765289640823989740,Temp: 30.43 °C  Hum: 63.66%  VOC: 128.78 kΩ
1765289642193171718,Temp: 30.44 °C  Hum: 63.65%  VOC: 128.58 kΩ
1765289643562150975,Temp: 30.44 °C  Hum: 63.65%  VOC: 128.97 kΩ
1765289644930785197,Temp: 30.44 °C  Hum: 63.63%  VOC: 129.28 kΩ
1765289646300149471,Temp: 30.44 °C  Hum: 63.65%  VOC: 127.20 kΩ
1765289647669137802,Temp: 30.45 °C  Hum: 63.63%  VOC: 127.59 kΩ
1765289649038224317,Temp: 30.45 °C  Hum: 63.63%  VOC: 127.10 kΩ
1765289650407335778,Temp: 30.45 °C  Hum: 63.61%  VOC: 126.04 kΩ
1765289651776452608,Temp: 30.46 °C  Hum: 63.62%  VOC: 126.33 kΩ
1765289653145056755,Temp: 30.46 °C  Hum: 63.62%  VOC: 126.52 kΩ
1765289654514075327,Temp: 30.46 °C  Hum: 63.58%  VOC: 126.04 kΩ
1765289655883039806,Temp: 30.46 °C  Hum: 63.60%  VOC: 126.23 kΩ
1765289657252120470,Temp: 30.47 °C  Hum: 63.59%  VOC: 126.62 kΩ
1765289658621260560,Temp: 30.47 °C  Hum: 63.58%  VOC: 126.91 kΩ
1765289659990447335,Temp: 30.47 °C  Hum: 63.60%  VOC: 127.10 kΩ
1765289661359387555,Temp: 30.47 °C  Hum: 63.58%  VOC: 126.62 kΩ
1765289662729503826,Temp: 30.48 °C  Hum: 63.58%  VOC: 126.33 kΩ
1765289664097169254,Temp: 30.48 °C  Hum: 63.58%  VOC: 126.62 kΩ
1765289665466247159,Temp: 30.48 °C  Hum: 63.58%  VOC: 126.23 kΩ
1765289666835679600,Temp: 30.48 °C  Hum: 63.57%  VOC: 127.88 kΩ
1765289668204571616,Temp: 30.48 °C  Hum: 63.58%  VOC: 127.59 kΩ
1765289669573373707,Temp: 30.48 °C  Hum: 63.57%  VOC: 128.48 kΩ
1765289670942637907,Temp: 30.48 °C  Hum: 63.57%  VOC: 127.00 kΩ
1765289672311415980,Temp: 30.48 °C  Hum: 63.57%  VOC: 127.88 kΩ
1765289673680432626,Temp: 30.48 °C  Hum: 63.57%  VOC: 127.30 kΩ
1765289675049445957,Temp: 30.49 °C  Hum: 63.57%  VOC: 125.76 kΩ
1765289676418596398,Temp: 30.49 °C  Hum: 63.55%  VOC: 125.28 kΩ
1765289677787656414,Temp: 30.49 °C  Hum: 63.55%  VOC: 101.81 kΩ
1765289679156629356,Temp: 30.49 °C  Hum: 63.54%  VOC: 94.51 kΩ
1765289680525415503,Temp: 30.49 °C  Hum: 63.57%  VOC: 22.15 kΩ
1765289681894686462,Temp: 30.50 °C  Hum: 63.53%  VOC: 9.55 kΩ
1765289683263682404,Temp: 30.50 °C  Hum: 63.55%  VOC: 8.05 kΩ
1765289684632695920,Temp: 30.50 °C  Hum: 63.56%  VOC: 7.88 kΩ
1765289686001191512,Temp: 30.50 °C  Hum: 63.56%  VOC: 7.88 kΩ
1765289687370512898,Temp: 30.50 °C  Hum: 63.55%  VOC: 7.50 kΩ
1765289688739513044,Temp: 30.50 °C  Hum: 63.56%  VOC: 7.79 kΩ
1765289690113847208,Temp: 30.50 °C  Hum: 63.53%  VOC: 8.03 kΩ
1765289691479441143,Temp: 30.51 °C  Hum: 63.53%  VOC: 8.24 kΩ
1765289692849229712,Temp: 30.51 °C  Hum: 63.52%  VOC: 9.17 kΩ
1765289694215673515,Temp: 30.51 °C  Hum: 63.51%  VOC: 9.83 kΩ
1765289695584460273,Temp: 30.51 °C  Hum: 63.52%  VOC: 12.86 kΩ
1765289696953429529,Temp: 30.51 °C  Hum: 63.49%  VOC: 16.52 kΩ
1765289698322713100,Temp: 30.51 °C  Hum: 63.49%  VOC: 22.47 kΩ
1765289699691771061,Temp: 30.51 °C  Hum: 63.45%  VOC: 29.40 kΩ
1765289701061385297,Temp: 30.51 °C  Hum: 63.43%  VOC: 32.10 kΩ
1765289702429665538,Temp: 30.51 °C  Hum: 63.42%  VOC: 31.16 kΩ
1765289703798518480,Temp: 30.51 °C  Hum: 63.40%  VOC: 29.67 kΩ
1765289705168525289,Temp: 30.51 °C  Hum: 63.38%  VOC: 30.48 kΩ
1765289706537018696,Temp: 30.51 °C  Hum: 63.38%  VOC: 30.06 kΩ
1765289707906207063,Temp: 30.52 °C  Hum: 63.37%  VOC: 29.17 kΩ
1765289709274945969,Temp: 30.52 °C  Hum: 63.38%  VOC: 27.77 kΩ
1765289710643668171,Temp: 30.52 °C  Hum: 63.36%  VOC: 26.25 kΩ
1765289712012645577,Temp: 30.52 °C  Hum: 63.37%  VOC: 26.79 kΩ
1765289713381651685,Temp: 30.52 °C  Hum: 63.37%  VOC: 27.59 kΩ
1765289714750793053,Temp: 30.52 °C  Hum: 63.39%  VOC: 27.66 kΩ
1765289716122097654,Temp: 30.52 °C  Hum: 63.41%  VOC: 27.21 kΩ
1765289717489109473,Temp: 30.53 °C  Hum: 63.41%  VOC: 26.13 kΩ
1765289718857988082,Temp: 30.53 °C  Hum: 63.39%  VOC: 25.49 kΩ
1765289720226875506,Temp: 30.53 °C  Hum: 63.39%  VOC: 25.12 kΩ
1765289721595849781,Temp: 30.53 °C  Hum: 63.39%  VOC: 25.26 kΩ
1765289722965195611,Temp: 30.54 °C  Hum: 63.41%  VOC: 25.60 kΩ
1765289724334093720,Temp: 30.54 °C  Hum: 63.39%  VOC: 25.81 kΩ
1765289725703276069,Temp: 30.54 °C  Hum: 63.39%  VOC: 25.94 kΩ
1765289727071751661,Temp: 30.54 °C  Hum: 63.38%  VOC: 25.70 kΩ
1765289728441019287,Temp: 30.54 °C  Hum: 63.39%  VOC: 25.12 kΩ
1765289729809845267,Temp: 30.54 °C  Hum: 63.40%  VOC: 24.52 kΩ
1765289731179318633,Temp: 30.55 °C  Hum: 63.36%  VOC: 24.23 kΩ
1765289732548228539,Temp: 30.55 °C  Hum: 63.38%  VOC: 24.26 kΩ
1765289733917159240,Temp: 30.55 °C  Hum: 63.38%  VOC: 24.81 kΩ
1765289735286224719,Temp: 30.55 °C  Hum: 63.38%  VOC: 25.49 kΩ
1765289736655000569,Temp: 30.55 °C  Hum: 63.36%  VOC: 25.76 kΩ
1765289738024299659,Temp: 30.55 °C  Hum: 63.36%  VOC: 26.15 kΩ
1765289739393253842,Temp: 30.55 °C  Hum: 63.35%  VOC: 26.79 kΩ
1765289740762311913,Temp: 30.55 °C  Hum: 63.34%  VOC: 27.00 kΩ
1765289742131330596,Temp: 30.55 °C  Hum: 63.34%  VOC: 27.21 kΩ
1765289743500077002,Temp: 30.56 °C  Hum: 63.34%  VOC: 27.35 kΩ
1765289744869363072,Temp: 30.56 °C  Hum: 63.33%  VOC: 27.50 kΩ
1765289746238140774,Temp: 30.56 °C  Hum: 63.32%  VOC: 28.81 kΩ
1765289747608609211,Temp: 30.56 °C  Hum: 63.32%  VOC: 30.91 kΩ
1765289748976577601,Temp: 30.56 °C  Hum: 63.29%  VOC: 36.62 kΩ
1765289750345424637,Temp: 30.56 °C  Hum: 63.27%  VOC: 38.99 kΩ
1765289751714098561,Temp: 30.56 °C  Hum: 63.26%  VOC: 38.81 kΩ
1765289753083197373,Temp: 30.56 °C  Hum: 63.23%  VOC: 37.89 kΩ
1765289754452302148,Temp: 30.56 °C  Hum: 63.23%  VOC: 36.59 kΩ
1765289755821432905,Temp: 30.56 °C  Hum: 63.22%  VOC: 40.55 kΩ
1765289757190663216,Temp: 30.56 °C  Hum: 63.18%  VOC: 41.85 kΩ
1765289758559544548,Temp: 30.56 °C  Hum: 63.17%  VOC: 40.20 kΩ
1765289759939314934,Temp: 30.56 °C  Hum: 63.17%  VOC: 39.89 kΩ
1765289761297087822,Temp: 30.56 °C  Hum: 63.18%  VOC: 39.25 kΩ
1765289762666524152,Temp: 30.57 °C  Hum: 63.17%  VOC: 38.99 kΩ
1765289764035524279,Temp: 30.57 °C  Hum: 63.18%  VOC: 41.23 kΩ
1765289765404489573,Temp: 30.57 °C  Hum: 63.18%  VOC: 41.40 kΩ
1765289766773755033,Temp: 30.57 °C  Hum: 63.18%  VOC: 41.65 kΩ
1765289768144628357,Temp: 30.57 °C  Hum: 63.17%  VOC: 45.03 kΩ
1765289769511631103,Temp: 30.57 °C  Hum: 63.18%  VOC: 46.80 kΩ
1765289770880481119,Temp: 30.57 °C  Hum: 63.17%  VOC: 46.28 kΩ
1765289772249645598,Temp: 30.57 °C  Hum: 63.17%  VOC: 45.87 kΩ
1765289773618802595,Temp: 30.57 °C  Hum: 63.17%  VOC: 45.42 kΩ
1765289774987922407,Temp: 30.57 °C  Hum: 63.18%  VOC: 44.69 kΩ
1765289776356269536,Temp: 30.57 °C  Hum: 63.19%  VOC: 47.33 kΩ
1765289777725573477,Temp: 30.57 °C  Hum: 63.19%  VOC: 51.43 kΩ
1765289779094816196,Temp: 30.58 °C  Hum: 63.20%  VOC: 55.22 kΩ
1765289780463792212,Temp: 30.58 °C  Hum: 63.20%  VOC: 56.46 kΩ
1765289781832784395,Temp: 30.58 °C  Hum: 63.17%  VOC: 55.18 kΩ
1765289783201946429,Temp: 30.58 °C  Hum: 63.19%  VOC: 53.62 kΩ
1765289784570516003,Temp: 30.58 °C  Hum: 63.17%  VOC: 50.67 kΩ
1765289785939747592,Temp: 30.58 °C  Hum: 63.20%  VOC: 47.14 kΩ
1765289787308607016,Temp: 30.59 °C  Hum: 63.20%  VOC: 43.70 kΩ
1765289788678089623,Temp: 30.59 °C  Hum: 63.17%  VOC: 46.59 kΩ
1765289790046829640,Temp: 30.59 °C  Hum: 63.16%  VOC: 50.74 kΩ
1765289791416205377,Temp: 30.59 °C  Hum: 63.15%  VOC: 53.03 kΩ
1765289792784596340,Temp: 30.59 °C  Hum: 63.14%  VOC: 53.20 kΩ
1765289794153805022,Temp: 30.59 °C  Hum: 63.10%  VOC: 52.30 kΩ
1765289795522778668,Temp: 30.59 °C  Hum: 63.11%  VOC: 51.30 kΩ
1765289796894306268,Temp: 30.59 °C  Hum: 63.11%  VOC: 51.21 kΩ
1765289798260929385,Temp: 30.59 °C  Hum: 63.08%  VOC: 51.30 kΩ
1765289799630016845,Temp: 30.59 °C  Hum: 63.09%  VOC: 51.55 kΩ
1765289800998832288,Temp: 30.60 °C  Hum: 63.08%  VOC: 51.68 kΩ
1765289802367907174,Temp: 30.60 °C  Hum: 63.08%  VOC: 51.52 kΩ
1765289803736991856,Temp: 30.60 °C  Hum: 63.07%  VOC: 51.55 kΩ
1765289805106170298,Temp: 30.60 °C  Hum: 63.07%  VOC: 51.11 kΩ
1765289806475199869,Temp: 30.60 °C  Hum: 63.07%  VOC: 50.00 kΩ
1765289807844058256,Temp: 30.60 °C  Hum: 63.07%  VOC: 47.63 kΩ
1765289809212890255,Temp: 30.61 °C  Hum: 63.08%  VOC: 45.12 kΩ
1765289810581890160,Temp: 30.61 °C  Hum: 63.08%  VOC: 46.28 kΩ
1765289811950945268,Temp: 30.61 °C  Hum: 63.08%  VOC: 49.00 kΩ
1765289813320674615,Temp: 30.61 °C  Hum: 63.08%  VOC: 50.99 kΩ
1765289814689162966,Temp: 30.61 °C  Hum: 63.07%  VOC: 51.72 kΩ
1765289816058134612,Temp: 30.61 °C  Hum: 63.05%  VOC: 53.51 kΩ
1765289817427147258,Temp: 30.61 °C  Hum: 63.03%  VOC: 54.64 kΩ
1765289818796183996,Temp: 30.62 °C  Hum: 63.03%  VOC: 54.67 kΩ
1765289820167833485,Temp: 30.62 °C  Hum: 63.02%  VOC: 54.46 kΩ
1765289821534085492,Temp: 30.62 °C  Hum: 63.01%  VOC: 54.85 kΩ
1765289822903357674,Temp: 30.62 °C  Hum: 63.00%  VOC: 54.53 kΩ
1765289824272197561,Temp: 30.62 °C  Hum: 63.00%  VOC: 54.28 kΩ
1765289825641282058,Temp: 30.62 °C  Hum: 62.97%  VOC: 54.17 kΩ
1765289827010992738,Temp: 30.62 °C  Hum: 62.99%  VOC: 54.50 kΩ
1765289828380294420,Temp: 30.62 °C  Hum: 62.96%  VOC: 55.40 kΩ
1765289829748227866,Temp: 30.63 °C  Hum: 62.96%  VOC: 58.85 kΩ
1765289831117508640,Temp: 30.63 °C  Hum: 62.95%  VOC: 60.05 kΩ
1765289832486334805,Temp: 30.63 °C  Hum: 62.96%  VOC: 60.39 kΩ
1765289833855463524,Temp: 30.63 °C  Hum: 62.96%  VOC: 61.83 kΩ
1765289835224086542,Temp: 30.63 °C  Hum: 62.96%  VOC: 62.11 kΩ
1765289836593390131,Temp: 30.63 °C  Hum: 62.92%  VOC: 61.10 kΩ
1765289837962705091,Temp: 30.63 °C  Hum: 62.93%  VOC: 60.09 kΩ
1765289839331482663,Temp: 30.63 °C  Hum: 62.92%  VOC: 60.79 kΩ
1765289840700563808,Temp: 30.63 °C  Hum: 62.92%  VOC: 60.70 kΩ
1765289842069117271,Temp: 30.63 °C  Hum: 62.93%  VOC: 59.96 kΩ
1765289843438902358,Temp: 30.63 °C  Hum: 62.94%  VOC: 59.57 kΩ
1765289844807273321,Temp: 30.63 °C  Hum: 62.94%  VOC: 59.87 kΩ
1765289846176335003,Temp: 30.63 °C  Hum: 62.93%  VOC: 59.96 kΩ
1765289847545714796,Temp: 30.63 °C  Hum: 62.92%  VOC: 59.87 kΩ
1765289848914506220,Temp: 30.63 °C  Hum: 62.92%  VOC: 58.65 kΩ
1765289850283388292,Temp: 30.64 °C  Hum: 62.95%  VOC: 57.87 kΩ
1765289851652379605,Temp: 30.64 °C  Hum: 62.93%  VOC: 57.63 kΩ
1765289853021593046,Temp: 30.64 °C  Hum: 62.93%  VOC: 58.20 kΩ
1765289854390499544,Temp: 30.64 °C  Hum: 62.94%  VOC: 58.36 kΩ
1765289855759797967,Temp: 30.64 °C  Hum: 62.92%  VOC: 59.44 kΩ
1765289857128733501,Temp: 30.64 °C  Hum: 62.92%  VOC: 60.18 kΩ
1765289858497770036,Temp: 30.64 °C  Hum: 62.92%  VOC: 59.74 kΩ
1765289859866917589,Temp: 30.64 °C  Hum: 62.91%  VOC: 58.61 kΩ
1765289861235702365,Temp: 30.64 °C  Hum: 62.92%  VOC: 57.00 kΩ
1765289862604569104,Temp: 30.64 °C  Hum: 62.92%  VOC: 56.30 kΩ
1765289863974645338,Temp: 30.64 °C  Hum: 62.93%  VOC: 59.15 kΩ
1765289865342774876,Temp: 30.64 °C  Hum: 62.91%  VOC: 61.92 kΩ
1765289866711848744,Temp: 30.64 °C  Hum: 62.89%  VOC: 64.47 kΩ
1765289868080849815,Temp: 30.64 °C  Hum: 62.86%  VOC: 65.43 kΩ
1765289869449716295,Temp: 30.64 °C  Hum: 62.85%  VOC: 64.52 kΩ
1765289870820948081,Temp: 30.64 °C  Hum: 62.85%  VOC: 65.43 kΩ
1765289872187946160,Temp: 30.64 °C  Hum: 62.85%  VOC: 67.34 kΩ
1765289873556824528,Temp: 30.64 °C  Hum: 62.85%  VOC: 67.89 kΩ
1765289874926057247,Temp: 30.64 °C  Hum: 62.85%  VOC: 67.51 kΩ
1765289876294617468,Temp: 30.64 °C  Hum: 62.85%  VOC: 67.07 kΩ
1765289877663641429,Temp: 30.64 °C  Hum: 62.85%  VOC: 66.27 kΩ
1765289879032861055,Temp: 30.65 °C  Hum: 62.85%  VOC: 66.69 kΩ
1765289880402231496,Temp: 30.65 °C  Hum: 62.83%  VOC: 67.23 kΩ
1765289881771004587,Temp: 30.65 °C  Hum: 62.83%  VOC: 67.67 kΩ
1765289883143563017,Temp: 30.65 °C  Hum: 62.81%  VOC: 69.36 kΩ
1765289884508788454,Temp: 30.65 °C  Hum: 62.81%  VOC: 69.25 kΩ
1765289885878686818,Temp: 30.65 °C  Hum: 62.79%  VOC: 68.96 kΩ
1765289887246905893,Temp: 30.65 °C  Hum: 62.80%  VOC: 68.90 kΩ
1765289888616024112,Temp: 30.65 °C  Hum: 62.79%  VOC: 69.77 kΩ
1765289889985013573,Temp: 30.65 °C  Hum: 62.79%  VOC: 70.07 kΩ
1765289891354259292,Temp: 30.65 °C  Hum: 62.79%  VOC: 68.79 kΩ
1765289892723330993,Temp: 30.65 °C  Hum: 62.79%  VOC: 68.51 kΩ
1765289894091867455,Temp: 30.66 °C  Hum: 62.79%  VOC: 69.83 kΩ
1765289895461066304,Temp: 30.66 °C  Hum: 62.80%  VOC: 71.51 kΩ
1765289896830292319,Temp: 30.66 °C  Hum: 62.78%  VOC: 72.51 kΩ
1765289898199854463,Temp: 30.66 °C  Hum: 62.78%  VOC: 72.77 kΩ
1765289899568282055,Temp: 30.66 °C  Hum: 62.78%  VOC: 72.70 kΩ
1765289900941637890,Temp: 30.66 °C  Hum: 62.77%  VOC: 72.57 kΩ
1765289902306459124,Temp: 30.66 °C  Hum: 62.77%  VOC: 73.02 kΩ
1765289903675473196,Temp: 30.66 °C  Hum: 62.79%  VOC: 73.54 kΩ
1765289905044338749,Temp: 30.66 °C  Hum: 62.80%  VOC: 73.67 kΩ
1765289906413355136,Temp: 30.66 °C  Hum: 62.80%  VOC: 72.64 kΩ
1765289907782387096,Temp: 30.66 °C  Hum: 62.80%  VOC: 72.64 kΩ
1765289909151164039,Temp: 30.67 °C  Hum: 62.81%  VOC: 71.39 kΩ
1765289910520088926,Temp: 30.67 °C  Hum: 62.80%  VOC: 71.64 kΩ
1765289911889135571,Temp: 30.67 °C  Hum: 62.81%  VOC: 72.77 kΩ
1765289913258365679,Temp: 30.67 °C  Hum: 62.80%  VOC: 73.02 kΩ
1765289914628773728,Temp: 30.67 °C  Hum: 62.80%  VOC: 73.47 kΩ
1765289915996465470,Temp: 30.67 °C  Hum: 62.80%  VOC: 73.28 kΩ
1765289917366960574,Temp: 30.68 °C  Hum: 62.80%  VOC: 73.67 kΩ
1765289918734202392,Temp: 30.68 °C  Hum: 62.80%  VOC: 72.89 kΩ
1765289920105227179,Temp: 30.68 °C  Hum: 62.80%  VOC: 72.77 kΩ
1765289921473207088,Temp: 30.68 °C  Hum: 62.80%  VOC: 72.26 kΩ
1765289922841489199,Temp: 30.68 °C  Hum: 62.80%  VOC: 72.64 kΩ
1765289924210679641,Temp: 30.68 °C  Hum: 62.82%  VOC: 72.89 kΩ
1765289925579304195,Temp: 30.68 °C  Hum: 62.82%  VOC: 72.83 kΩ
1765289926949654762,Temp: 30.69 °C  Hum: 62.82%  VOC: 72.64 kΩ
1765289928317670411,Temp: 30.69 °C  Hum: 62.82%  VOC: 71.95 kΩ
1765289929686767223,Temp: 30.69 °C  Hum: 62.83%  VOC: 71.33 kΩ
1765289931055607999,Temp: 30.69 °C  Hum: 62.81%  VOC: 73.08 kΩ
1765289932424643108,Temp: 30.69 °C  Hum: 62.77%  VOC: 74.19 kΩ
1765289933793759309,Temp: 30.69 °C  Hum: 62.80%  VOC: 75.27 kΩ
1765289935162561992,Temp: 30.69 °C  Hum: 62.78%  VOC: 76.03 kΩ
1765289936532157191,Temp: 30.69 °C  Hum: 62.79%  VOC: 75.54 kΩ
1765289937900566228,Temp: 30.69 °C  Hum: 62.78%  VOC: 75.13 kΩ
1765289939269860243,Temp: 30.69 °C  Hum: 62.79%  VOC: 74.73 kΩ
1765289940638696945,Temp: 30.69 °C  Hum: 62.78%  VOC: 76.38 kΩ
1765289942007384203,Temp: 30.69 °C  Hum: 62.77%  VOC: 76.59 kΩ
1765289943376695718,Temp: 30.69 °C  Hum: 62.75%  VOC: 76.31 kΩ
1765289944745504309,Temp: 30.69 °C  Hum: 62.75%  VOC: 75.54 kΩ
1765289946114560510,Temp: 30.69 °C  Hum: 62.75%  VOC: 74.86 kΩ
1765289947483724989,Temp: 30.69 °C  Hum: 62.76%  VOC: 75.54 kΩ
1765289948854559628,Temp: 30.69 °C  Hum: 62.77%  VOC: 75.61 kΩ
1765289950222029094,Temp: 30.69 °C  Hum: 62.76%  VOC: 75.82 kΩ
1765289951592251902,Temp: 30.70 °C  Hum: 62.77%  VOC: 75.68 kΩ
1765289952959970182,Temp: 30.70 °C  Hum: 62.77%  VOC: 74.53 kΩ
1765289954328850384,Temp: 30.70 °C  Hum: 62.77%  VOC: 74.73 kΩ
1765289955697903844,Temp: 30.70 °C  Hum: 62.77%  VOC: 75.41 kΩ
1765289957066904434,Temp: 30.70 °C  Hum: 62.78%  VOC: 76.45 kΩ
1765289958435830691,Temp: 30.70 °C  Hum: 62.78%  VOC: 75.68 kΩ
1765289959804649116,Temp: 30.71 °C  Hum: 62.78%  VOC: 75.54 kΩ
1765289961173697483,Temp: 30.71 °C  Hum: 62.76%  VOC: 75.47 kΩ
1765289962542930739,Temp: 30.71 °C  Hum: 62.76%  VOC: 74.86 kΩ
1765289963912016515,Temp: 30.71 °C  Hum: 62.76%  VOC: 74.59 kΩ
1765289965281014012,Temp: 30.71 °C  Hum: 62.76%  VOC: 74.66 kΩ
1765289966649564493,Temp: 30.71 °C  Hum: 62.76%  VOC: 75.61 kΩ
1765289968022195700,Temp: 30.71 °C  Hum: 62.74%  VOC: 76.03 kΩ
1765289969387729191,Temp: 30.71 °C  Hum: 62.74%  VOC: 77.16 kΩ
1765289970757183521,Temp: 30.71 °C  Hum: 62.71%  VOC: 78.39 kΩ
1765289972126136704,Temp: 30.71 °C  Hum: 62.70%  VOC: 78.32 kΩ
1765289973495399885,Temp: 30.72 °C  Hum: 62.69%  VOC: 77.59 kΩ
1765289974863779256,Temp: 30.72 °C  Hum: 62.69%  VOC: 77.66 kΩ
1765289976232737383,Temp: 30.72 °C  Hum: 62.69%  VOC: 77.30 kΩ
1765289977602064972,Temp: 30.72 °C  Hum: 62.69%  VOC: 77.59 kΩ
1765289978971135192,Temp: 30.72 °C  Hum: 62.68%  VOC: 77.01 kΩ
1765289980340330577,Temp: 30.72 °C  Hum: 62.71%  VOC: 77.01 kΩ
1765289981709161705,Temp: 30.72 °C  Hum: 62.70%  VOC: 77.01 kΩ
1765289983079383439,Temp: 30.73 °C  Hum: 62.71%  VOC: 77.37 kΩ
1765289984447071571,Temp: 30.73 °C  Hum: 62.69%  VOC: 78.39 kΩ
1765289985816448456,Temp: 30.73 °C  Hum: 62.67%  VOC: 78.84 kΩ
1765289987185223344,Temp: 30.73 °C  Hum: 62.67%  VOC: 78.32 kΩ
1765289988554207730,Temp: 30.73 °C  Hum: 62.68%  VOC: 78.69 kΩ
1765289989923586467,Temp: 30.73 °C  Hum: 62.67%  VOC: 79.52 kΩ
1765289991291885541,Temp: 30.73 °C  Hum: 62.67%  VOC: 79.98 kΩ
1765289992664589322,Temp: 30.73 °C  Hum: 62.65%  VOC: 80.36 kΩ
1765289994031750641,Temp: 30.73 °C  Hum: 62.63%  VOC: 80.13 kΩ
1765289995400176400,Temp: 30.73 °C  Hum: 62.63%  VOC: 81.55 kΩ
1765289996768254142,Temp: 30.73 °C  Hum: 62.63%  VOC: 80.91 kΩ
1765289998137667027,Temp: 30.73 °C  Hum: 62.64%  VOC: 80.60 kΩ
1765289999506069249,Temp: 30.73 °C  Hum: 62.63%  VOC: 80.83 kΩ
1765290000875164931,Temp: 30.73 °C  Hum: 62.63%  VOC: 81.55 kΩ
1765290002244533076,Temp: 30.73 °C  Hum: 62.61%  VOC: 82.43 kΩ
1765290003613472703,Temp: 30.73 °C  Hum: 62.58%  VOC: 82.43 kΩ
1765290004982559089,Temp: 30.73 °C  Hum: 62.57%  VOC: 83.01 kΩ
1765290006351456735,Temp: 30.73 °C  Hum: 62.57%  VOC: 82.76 kΩ
1765290007720527659,Temp: 30.74 °C  Hum: 62.57%  VOC: 82.43 kΩ
1765290009089968007,Temp: 30.74 °C  Hum: 62.56%  VOC: 82.60 kΩ
1765290010458400599,Temp: 30.74 °C  Hum: 62.55%  VOC: 82.35 kΩ
1765290011827629244,Temp: 30.74 °C  Hum: 62.58%  VOC: 82.76 kΩ
1765290013196433631,Temp: 30.74 °C  Hum: 62.58%  VOC: 83.18 kΩ
1765290014565645850,Temp: 30.74 °C  Hum: 62.58%  VOC: 82.85 kΩ
1765290015934292293,Temp: 30.74 °C  Hum: 62.56%  VOC: 83.68 kΩ
1765290017303748326,Temp: 30.74 °C  Hum: 62.56%  VOC: 84.10 kΩ
1765290018672561825,Temp: 30.74 °C  Hum: 62.55%  VOC: 85.31 kΩ
1765290020041864358,Temp: 30.74 °C  Hum: 62.54%  VOC: 84.62 kΩ
1765290021410483079,Temp: 30.74 °C  Hum: 62.53%  VOC: 84.70 kΩ
1765290022779822243,Temp: 30.75 °C  Hum: 62.52%  VOC: 84.19 kΩ
1765290024148823981,Temp: 30.75 °C  Hum: 62.55%  VOC: 83.93 kΩ
1765290025517490628,Temp: 30.75 °C  Hum: 62.53%  VOC: 83.18 kΩ
1765290026886570514,Temp: 30.75 °C  Hum: 62.56%  VOC: 83.01 kΩ
1765290028255508641,Temp: 30.75 °C  Hum: 62.57%  VOC: 83.60 kΩ
1765290029624838749,Temp: 30.75 °C  Hum: 62.57%  VOC: 83.60 kΩ
1765290030993827043,Temp: 30.76 °C  Hum: 62.57%  VOC: 83.76 kΩ
1765290032362559634,Temp: 30.76 °C  Hum: 62.57%  VOC: 83.51 kΩ
1765290033731645280,Temp: 30.76 °C  Hum: 62.57%  VOC: 83.34 kΩ
1765290035100658536,Temp: 30.76 °C  Hum: 62.57%  VOC: 83.26 kΩ
1765290036470668512,Temp: 30.76 °C  Hum: 62.57%  VOC: 82.93 kΩ
1765290037839435214,Temp: 30.76 °C  Hum: 62.58%  VOC: 82.93 kΩ
1765290039207892751,Temp: 30.77 °C  Hum: 62.58%  VOC: 82.27 kΩ
1765290040577170673,Temp: 30.77 °C  Hum: 62.57%  VOC: 82.35 kΩ
1765290041945631988,Temp: 30.77 °C  Hum: 62.57%  VOC: 82.43 kΩ
1765290043314617374,Temp: 30.77 °C  Hum: 62.58%  VOC: 82.11 kΩ
1765290044683953926,Temp: 30.78 °C  Hum: 62.58%  VOC: 81.79 kΩ
1765290046052814591,Temp: 30.78 °C  Hum: 62.59%  VOC: 81.31 kΩ
1765290047421988310,Temp: 30.78 °C  Hum: 62.58%  VOC: 81.23 kΩ
1765290048790719290,Temp: 30.78 °C  Hum: 62.61%  VOC: 81.95 kΩ
1765290050160294082,Temp: 30.78 °C  Hum: 62.58%  VOC: 82.85 kΩ
1765290051528840822,Temp: 30.78 °C  Hum: 62.58%  VOC: 83.26 kΩ
1765290052897945375,Temp: 30.78 °C  Hum: 62.56%  VOC: 83.09 kΩ
1765290054266986965,Temp: 30.78 °C  Hum: 62.56%  VOC: 83.26 kΩ
1765290055636207739,Temp: 30.78 °C  Hum: 62.56%  VOC: 83.26 kΩ
1765290057005251181,Temp: 30.79 °C  Hum: 62.56%  VOC: 82.93 kΩ
1765290058373795940,Temp: 30.79 °C  Hum: 62.56%  VOC: 83.51 kΩ
1765290059742957566,Temp: 30.79 °C  Hum: 62.56%  VOC: 84.10 kΩ
1765290061114172093,Temp: 30.79 °C  Hum: 62.54%  VOC: 84.19 kΩ
1765290062481100691,Temp: 30.79 °C  Hum: 62.52%  VOC: 84.53 kΩ
1765290063850218484,Temp: 30.79 °C  Hum: 62.52%  VOC: 84.44 kΩ
1765290065219237815,Temp: 30.79 °C  Hum: 62.50%  VOC: 84.96 kΩ
1765290066588195794,Temp: 30.79 °C  Hum: 62.48%  VOC: 85.22 kΩ
1765290067957029163,Temp: 30.79 °C  Hum: 62.48%  VOC: 85.22 kΩ
1765290069326151345,Temp: 30.79 °C  Hum: 62.47%  VOC: 85.31 kΩ
1765290070695271657,Temp: 30.79 °C  Hum: 62.46%  VOC: 85.40 kΩ
1765290072064291470,Temp: 30.80 °C  Hum: 62.47%  VOC: 85.49 kΩ
1765290073433384819,Temp: 30.80 °C  Hum: 62.46%  VOC: 85.40 kΩ
1765290074802053410,Temp: 30.80 °C  Hum: 62.48%  VOC: 85.49 kΩ
1765290076171040371,Temp: 30.80 °C  Hum: 62.46%  VOC: 85.57 kΩ
1765290077540036665,Temp: 30.80 °C  Hum: 62.46%  VOC: 85.49 kΩ
1765290078909245199,Temp: 30.80 °C  Hum: 62.45%  VOC: 86.47 kΩ
1765290080278745417,Temp: 30.80 °C  Hum: 62.46%  VOC: 86.38 kΩ
1765290081647295935,Temp: 30.80 °C  Hum: 62.45%  VOC: 86.38 kΩ
1765290083016433080,Temp: 30.80 °C  Hum: 62.45%  VOC: 86.11 kΩ
1765290084385496688,Temp: 30.80 °C  Hum: 62.45%  VOC: 85.57 kΩ
1765290085754428408,Temp: 30.80 °C  Hum: 62.45%  VOC: 86.11 kΩ
1765290087123805516,Temp: 30.80 °C  Hum: 62.47%  VOC: 85.93 kΩ
1765290088492463403,Temp: 30.81 °C  Hum: 62.47%  VOC: 86.20 kΩ
1765290089861503068,Temp: 30.81 °C  Hum: 62.48%  VOC: 86.20 kΩ
1765290091230273270,Temp: 30.81 °C  Hum: 62.47%  VOC: 86.83 kΩ
1765290092599495211,Temp: 30.81 °C  Hum: 62.45%  VOC: 86.92 kΩ
1765290093968692208,Temp: 30.81 °C  Hum: 62.43%  VOC: 87.19 kΩ
1765290095337499262,Temp: 30.81 °C  Hum: 62.43%  VOC: 87.10 kΩ
1765290096706965887,Temp: 30.81 °C  Hum: 62.44%  VOC: 87.47 kΩ
1765290098075763701,Temp: 30.81 °C  Hum: 62.44%  VOC: 87.19 kΩ
1765290099444322959,Temp: 30.81 °C  Hum: 62.45%  VOC: 86.92 kΩ
1765290100813258142,Temp: 30.81 °C  Hum: 62.45%  VOC: 87.74 kΩ
1765290102182884471,Temp: 30.81 °C  Hum: 62.45%  VOC: 87.47 kΩ
1765290103551510970,Temp: 30.82 °C  Hum: 62.43%  VOC: 86.92 kΩ
1765290104920826503,Temp: 30.82 °C  Hum: 62.43%  VOC: 87.28 kΩ
1765290106289826760,Temp: 30.82 °C  Hum: 62.42%  VOC: 87.28 kΩ
1765290107658532240,Temp: 30.82 °C  Hum: 62.43%  VOC: 86.65 kΩ
1765290109027722848,Temp: 30.82 °C  Hum: 62.45%  VOC: 86.74 kΩ
1765290110396774216,Temp: 30.82 °C  Hum: 62.44%  VOC: 86.38 kΩ
1765290111765623640,Temp: 30.83 °C  Hum: 62.43%  VOC: 86.65 kΩ
1765290113134752230,Temp: 30.83 °C  Hum: 62.45%  VOC: 86.38 kΩ
1765290114503905690,Temp: 30.83 °C  Hum: 62.42%  VOC: 86.11 kΩ
1765290115872694744,Temp: 30.83 °C  Hum: 62.44%  VOC: 86.11 kΩ
1765290117241662575,Temp: 30.84 °C  Hum: 62.44%  VOC: 86.02 kΩ
1765290118610984016,Temp: 30.84 °C  Hum: 62.44%  VOC: 85.84 kΩ
1765290119979959662,Temp: 30.84 °C  Hum: 62.44%  VOC: 86.29 kΩ
1765290121348739401,Temp: 30.84 °C  Hum: 62.44%  VOC: 86.11 kΩ
1765290122717951620,Temp: 30.84 °C  Hum: 62.44%  VOC: 86.02 kΩ
1765290124086945618,Temp: 30.84 °C  Hum: 62.41%  VOC: 86.20 kΩ
1765290125455664561,Temp: 30.84 °C  Hum: 62.43%  VOC: 86.56 kΩ
1765290126824756928,Temp: 30.84 °C  Hum: 62.43%  VOC: 86.65 kΩ
1765290128194027295,Temp: 30.85 °C  Hum: 62.41%  VOC: 86.92 kΩ
1765290129563162904,Temp: 30.85 °C  Hum: 62.41%  VOC: 86.29 kΩ
1765290130932075790,Temp: 30.85 °C  Hum: 62.41%  VOC: 86.56 kΩ
1765290132300888529,Temp: 30.85 °C  Hum: 62.41%  VOC: 86.56 kΩ
1765290133669623991,Temp: 30.85 °C  Hum: 62.41%  VOC: 86.38 kΩ
1765290135039909706,Temp: 30.85 °C  Hum: 62.42%  VOC: 86.38 kΩ
1765290136407960152,Temp: 30.85 °C  Hum: 62.42%  VOC: 85.93 kΩ
1765290137777119741,Temp: 30.86 °C  Hum: 62.41%  VOC: 85.84 kΩ
1765290139146549441,Temp: 30.86 °C  Hum: 62.43%  VOC: 86.20 kΩ
1765290140515018903,Temp: 30.86 °C  Hum: 62.41%  VOC: 85.57 kΩ
1765290141884443714,Temp: 30.86 °C  Hum: 62.41%  VOC: 86.20 kΩ
1765290143253223620,Temp: 30.86 °C  Hum: 62.41%  VOC: 86.02 kΩ
1765290144622196933,Temp: 30.86 °C  Hum: 62.42%  VOC: 86.38 kΩ
1765290145991014598,Temp: 30.86 °C  Hum: 62.43%  VOC: 86.20 kΩ
1765290147360160354,Temp: 30.87 °C  Hum: 62.42%  VOC: 86.11 kΩ
1765290148728967630,Temp: 30.87 °C  Hum: 62.43%  VOC: 85.49 kΩ
1765290150098138646,Temp: 30.87 °C  Hum: 62.44%  VOC: 85.14 kΩ
1765290151467547438,Temp: 30.87 °C  Hum: 62.43%  VOC: 85.49 kΩ
1765290152836189085,Temp: 30.87 °C  Hum: 62.42%  VOC: 85.66 kΩ
1765290154205388582,Temp: 30.87 °C  Hum: 62.43%  VOC: 86.56 kΩ
1765290155574334969,Temp: 30.87 °C  Hum: 62.40%  VOC: 87.37 kΩ
1765290156942855727,Temp: 30.87 °C  Hum: 62.40%  VOC: 87.10 kΩ
1765290158311913780,Temp: 30.87 °C  Hum: 62.38%  VOC: 87.19 kΩ
1765290159681147092,Temp: 30.88 °C  Hum: 62.38%  VOC: 87.56 kΩ
1765290161050250229,Temp: 30.88 °C  Hum: 62.38%  VOC: 86.83 kΩ
1765290162419373205,Temp: 30.88 °C  Hum: 62.38%  VOC: 86.83 kΩ
1765290163788325867,Temp: 30.88 °C  Hum: 62.37%  VOC: 86.47 kΩ
1765290165157402973,Temp: 30.88 °C  Hum: 62.39%  VOC: 86.38 kΩ
1765290166526342505,Temp: 30.88 °C  Hum: 62.40%  VOC: 85.75 kΩ
1765290167895618240,Temp: 30.88 °C  Hum: 62.41%  VOC: 85.84 kΩ
1765290169264336440,Temp: 30.88 °C  Hum: 62.42%  VOC: 85.84 kΩ
1765290170633318362,Temp: 30.88 °C  Hum: 62.42%  VOC: 86.38 kΩ
1765290172002464449,Temp: 30.88 °C  Hum: 62.44%  VOC: 86.92 kΩ
1765290173371073594,Temp: 30.88 °C  Hum: 62.43%  VOC: 86.92 kΩ
1765290174740590680,Temp: 30.88 °C  Hum: 62.42%  VOC: 87.65 kΩ
1765290176109489027,Temp: 30.88 °C  Hum: 62.40%  VOC: 89.25 kΩ
1765290177478468559,Temp: 30.88 °C  Hum: 62.37%  VOC: 88.96 kΩ
1765290178847815757,Temp: 30.88 °C  Hum: 62.34%  VOC: 89.35 kΩ
1765290180216476624,Temp: 30.88 °C  Hum: 62.34%  VOC: 89.35 kΩ
1765290181585450267,Temp: 30.88 °C  Hum: 62.33%  VOC: 88.96 kΩ
