time,pm_message
1765267314266586768,PM1.0: 33  PM2.5: 56  PM10: 68
1765267315313037211,PM1.0: 33  PM2.5: 56  PM10: 67
1765267316360133319,PM1.0: 33  PM2.5: 56  PM10: 67
1765267317407385945,PM1.0: 33  PM2.5: 56  PM10: 67
1765267318454761793,PM1.0: 33  PM2.5: 56  PM10: 67
1765267319502018623,PM1.0: 33  PM2.5: 56  PM10: 67
1765267320550326338,PM1.0: 33  PM2.5: 56  PM10: 67
1765267321596070025,PM1.0: 33  PM2.5: 56  PM10: 67
1765267322643333595,PM1.0: 33  PM2.5: 56  PM10: 67
1765267323691029683,PM1.0: 32  PM2.5: 55  PM10: 66
1765267324738865677,PM1.0: 32  PM2.5: 55  PM10: 67
1765267325785578620,PM1.0: 32  PM2.5: 55  PM10: 67
1765267326833137411,PM1.0: 33  PM2.5: 55  PM10: 67
1765267327879934391,PM1.0: 33  PM2.5: 55  PM10: 67
1765267328927150035,PM1.0: 33  PM2.5: 56  PM10: 67
1765267329974302421,PM1.0: 34  PM2.5: 57  PM10: 68
1765267331021639380,PM1.0: 34  PM2.5: 57  PM10: 68
1765267332068653451,PM1.0: 34  PM2.5: 57  PM10: 68
1765267333116249483,PM1.0: 34  PM2.5: 56  PM10: 68
1765267334163649905,PM1.0: 34  PM2.5: 56  PM10: 68
1765267335210617365,PM1.0: 34  PM2.5: 56  PM10: 68
1765267336258085676,PM1.0: 33  PM2.5: 55  PM10: 67
1765267337304976192,PM1.0: 32  PM2.5: 55  PM10: 67
1765267338352376799,PM1.0: 32  PM2.5: 56  PM10: 67
1765267339399739295,PM1.0: 32  PM2.5: 56  PM10: 67
1765267340446755551,PM1.0: 32  PM2.5: 56  PM10: 67
1765267341493689734,PM1.0: 33  PM2.5: 57  PM10: 68
1765267342541122304,PM1.0: 33  PM2.5: 57  PM10: 68
1765267343589077409,PM1.0: 33  PM2.5: 58  PM10: 69
1765267344636072758,PM1.0: 32  PM2.5: 57  PM10: 68
1765267345683318606,PM1.0: 32  PM2.5: 57  PM10: 68
1765267346730421140,PM1.0: 32  PM2.5: 57  PM10: 68
1765267347777563804,PM1.0: 32  PM2.5: 57  PM10: 68
1765267348826341535,PM1.0: 32  PM2.5: 57  PM10: 68
1765267349872242240,PM1.0: 32  PM2.5: 57  PM10: 68
1765267350919855680,PM1.0: 33  PM2.5: 58  PM10: 70
1765267351966996547,PM1.0: 33  PM2.5: 58  PM10: 70
1765267353014299506,PM1.0: 33  PM2.5: 58  PM10: 70
1765267354061378096,PM1.0: 33  PM2.5: 60  PM10: 71
1765267355108811721,PM1.0: 33  PM2.5: 62  PM10: 73
1765267356155880274,PM1.0: 34  PM2.5: 64  PM10: 75
1765267357203137937,PM1.0: 33  PM2.5: 65  PM10: 75
1765267358250656765,PM1.0: 33  PM2.5: 70  PM10: 82
1765267359297909965,PM1.0: 33  PM2.5: 76  PM10: 92
1765267360345121962,PM1.0: 35  PM2.5: 83  PM10: 104
1765267361392237607,PM1.0: 36  PM2.5: 90  PM10: 116
1765267362439645788,PM1.0: 36  PM2.5: 101  PM10: 135
1765267363486941358,PM1.0: 37  PM2.5: 112  PM10: 153
1765267364533967281,PM1.0: 39  PM2.5: 122  PM10: 171
1765267365581781146,PM1.0: 41  PM2.5: 132  PM10: 187
1765267366629444993,PM1.0: 42  PM2.5: 141  PM10: 202
1765267367678551168,PM1.0: 44  PM2.5: 149  PM10: 216
1765267368723401858,PM1.0: 43  PM2.5: 152  PM10: 220
1765267369770850168,PM1.0: 44  PM2.5: 158  PM10: 229
1765267370817945202,PM1.0: 45  PM2.5: 166  PM10: 240
1765267371865199717,PM1.0: 47  PM2.5: 177  PM10: 257
1765267372912027771,PM1.0: 48  PM2.5: 180  PM10: 260
1765267373959939524,PM1.0: 48  PM2.5: 183  PM10: 263
1765267375007019077,PM1.0: 49  PM2.5: 185  PM10: 264
1765267376054504202,PM1.0: 50  PM2.5: 192  PM10: 275
1765267377101702606,PM1.0: 50  PM2.5: 200  PM10: 289
1765267378149265527,PM1.0: 51  PM2.5: 212  PM10: 308
1765267379197123821,PM1.0: 52  PM2.5: 224  PM10: 330
1765267380243718532,PM1.0: 54  PM2.5: 236  PM10: 351
1765267381291966552,PM1.0: 53  PM2.5: 247  PM10: 370
1765267382338199653,PM1.0: 55  PM2.5: 258  PM10: 391
1765267383385381695,PM1.0: 57  PM2.5: 273  PM10: 420
1765267384432684773,PM1.0: 58  PM2.5: 288  PM10: 447
1765267385480280518,PM1.0: 59  PM2.5: 304  PM10: 477
1765267386527461023,PM1.0: 59  PM2.5: 315  PM10: 500
1765267387574854657,PM1.0: 61  PM2.5: 326  PM10: 521
1765267388621790404,PM1.0: 61  PM2.5: 333  PM10: 535
1765267389668999501,PM1.0: 63  PM2.5: 339  PM10: 545
1765267390716458228,PM1.0: 63  PM2.5: 341  PM10: 550
1765267391763893213,PM1.0: 63  PM2.5: 340  PM10: 550
1765267392810735053,PM1.0: 63  PM2.5: 338  PM10: 547
1765267393859584238,PM1.0: 62  PM2.5: 332  PM10: 535
1765267394905726005,PM1.0: 62  PM2.5: 324  PM10: 522
1765267395952793770,PM1.0: 60  PM2.5: 308  PM10: 494
1765267397000187663,PM1.0: 59  PM2.5: 294  PM10: 470
1765267398047060058,PM1.0: 57  PM2.5: 281  PM10: 446
1765267399094538933,PM1.0: 57  PM2.5: 269  PM10: 425
1765267400141573976,PM1.0: 56  PM2.5: 255  PM10: 401
1765267401189425386,PM1.0: 54  PM2.5: 242  PM10: 378
1765267402236671335,PM1.0: 52  PM2.5: 228  PM10: 354
1765267403284303839,PM1.0: 51  PM2.5: 216  PM10: 333
1765267404331024012,PM1.0: 51  PM2.5: 208  PM10: 319
1765267405378248998,PM1.0: 50  PM2.5: 197  PM10: 300
1765267406425962428,PM1.0: 48  PM2.5: 187  PM10: 284
1765267407472959341,PM1.0: 47  PM2.5: 179  PM10: 269
1765267408520879918,PM1.0: 46  PM2.5: 171  PM10: 255
1765267409567541128,PM1.0: 45  PM2.5: 163  PM10: 241
1765267410614976429,PM1.0: 43  PM2.5: 154  PM10: 227
1765267411662049175,PM1.0: 42  PM2.5: 147  PM10: 215
1765267412709679771,PM1.0: 41  PM2.5: 141  PM10: 204
1765267413756762073,PM1.0: 42  PM2.5: 136  PM10: 195
1765267414804196373,PM1.0: 41  PM2.5: 130  PM10: 186
1765267415851596730,PM1.0: 40  PM2.5: 125  PM10: 177
1765267416898677772,PM1.0: 40  PM2.5: 120  PM10: 169
1765267417946175424,PM1.0: 39  PM2.5: 116  PM10: 161
1765267418993617503,PM1.0: 38  PM2.5: 112  PM10: 154
1765267420040834896,PM1.0: 38  PM2.5: 109  PM10: 149
1765267421087947346,PM1.0: 38  PM2.5: 105  PM10: 143
1765267422135294906,PM1.0: 37  PM2.5: 101  PM10: 137
1765267423182296912,PM1.0: 35  PM2.5: 95  PM10: 128
1765267424230016878,PM1.0: 35  PM2.5: 92  PM10: 124
1765267425276862384,PM1.0: 36  PM2.5: 91  PM10: 121
1765267426324438962,PM1.0: 36  PM2.5: 88  PM10: 117
1765267427371776337,PM1.0: 35  PM2.5: 86  PM10: 113
1765267428420090542,PM1.0: 34  PM2.5: 83  PM10: 109
1765267429465601238,PM1.0: 34  PM2.5: 81  PM10: 105
1765267430513878758,PM1.0: 34  PM2.5: 80  PM10: 102
1765267431560595561,PM1.0: 35  PM2.5: 79  PM10: 100
1765267432608678341,PM1.0: 35  PM2.5: 78  PM10: 97
1765267433654951053,PM1.0: 34  PM2.5: 76  PM10: 95
1765267434702066151,PM1.0: 34  PM2.5: 75  PM10: 92
1765267435749497433,PM1.0: 34  PM2.5: 74  PM10: 90
1765267436797024992,PM1.0: 34  PM2.5: 73  PM10: 89
1765267437844422645,PM1.0: 33  PM2.5: 71  PM10: 86
1765267438891761723,PM1.0: 33  PM2.5: 70  PM10: 84
1765267439938540452,PM1.0: 33  PM2.5: 69  PM10: 83
1765267440985926864,PM1.0: 34  PM2.5: 69  PM10: 82
1765267442032928740,PM1.0: 34  PM2.5: 68  PM10: 81
1765267443080387170,PM1.0: 34  PM2.5: 67  PM10: 80
1765267444127553638,PM1.0: 34  PM2.5: 66  PM10: 79
1765267445174720625,PM1.0: 34  PM2.5: 66  PM10: 78
1765267446222077000,PM1.0: 32  PM2.5: 63  PM10: 77
1765267447269836966,PM1.0: 32  PM2.5: 63  PM10: 76
1765267448316768083,PM1.0: 32  PM2.5: 61  PM10: 75
1765267449363878273,PM1.0: 32  PM2.5: 61  PM10: 75
1765267450412530662,PM1.0: 32  PM2.5: 60  PM10: 74
1765267451458368635,PM1.0: 32  PM2.5: 59  PM10: 74
1765267452506659673,PM1.0: 32  PM2.5: 59  PM10: 74
1765267453553466476,PM1.0: 32  PM2.5: 59  PM10: 73
1765267454601031387,PM1.0: 32  PM2.5: 58  PM10: 73
1765267455648184930,PM1.0: 32  PM2.5: 57  PM10: 72
1765267456695909285,PM1.0: 32  PM2.5: 57  PM10: 72
1765267457743462992,PM1.0: 32  PM2.5: 57  PM10: 72
1765267458790734719,PM1.0: 33  PM2.5: 58  PM10: 73
1765267459838175224,PM1.0: 33  PM2.5: 58  PM10: 73
1765267460885490006,PM1.0: 33  PM2.5: 58  PM10: 73
1765267461932841844,PM1.0: 33  PM2.5: 58  PM10: 72
1765267462980246182,PM1.0: 33  PM2.5: 58  PM10: 72
1765267464027982240,PM1.0: 33  PM2.5: 58  PM10: 72
1765267465075080523,PM1.0: 32  PM2.5: 57  PM10: 71
1765267466122325954,PM1.0: 32  PM2.5: 57  PM10: 70
1765267467171509712,PM1.0: 32  PM2.5: 56  PM10: 70
1765267468217267944,PM1.0: 32  PM2.5: 56  PM10: 70
1765267469264740541,PM1.0: 32  PM2.5: 56  PM10: 70
1765267470311790509,PM1.0: 33  PM2.5: 57  PM10: 70
1765267471359039829,PM1.0: 33  PM2.5: 57  PM10: 70
1765267472406318908,PM1.0: 33  PM2.5: 56  PM10: 70
1765267473453723357,PM1.0: 32  PM2.5: 55  PM10: 69
1765267474503362668,PM1.0: 32  PM2.5: 55  PM10: 69
1765267475548416125,PM1.0: 32  PM2.5: 55  PM10: 69
1765267476595710593,PM1.0: 33  PM2.5: 56  PM10: 70
1765267477642773450,PM1.0: 33  PM2.5: 56  PM10: 70
1765267478690615360,PM1.0: 33  PM2.5: 56  PM10: 70
1765267479737080331,PM1.0: 33  PM2.5: 57  PM10: 70
1765267480786162515,PM1.0: 33  PM2.5: 57  PM10: 70
1765267481832227209,PM1.0: 33  PM2.5: 57  PM10: 70
1765267482879485269,PM1.0: 33  PM2.5: 57  PM10: 70
1765267483927551679,PM1.0: 33  PM2.5: 57  PM10: 70
1765267484974087519,PM1.0: 33  PM2.5: 57  PM10: 70
1765267486021262580,PM1.0: 33  PM2.5: 57  PM10: 70
1765267487069166583,PM1.0: 33  PM2.5: 57  PM10: 70
1765267488116123700,PM1.0: 32  PM2.5: 56  PM10: 69
1765267489163590648,PM1.0: 32  PM2.5: 56  PM10: 69
1765267490212774091,PM1.0: 32  PM2.5: 56  PM10: 69
1765267491258256991,PM1.0: 33  PM2.5: 57  PM10: 70
1765267492305502570,PM1.0: 33  PM2.5: 57  PM10: 70
1765267493352781000,PM1.0: 33  PM2.5: 57  PM10: 70
1765267494400018190,PM1.0: 33  PM2.5: 57  PM10: 70
1765267495448115470,PM1.0: 33  PM2.5: 57  PM10: 70
1765267496495309698,PM1.0: 33  PM2.5: 57  PM10: 70
1765267497543196997,PM1.0: 32  PM2.5: 56  PM10: 69
1765267498590669779,PM1.0: 32  PM2.5: 56  PM10: 69
1765267499636689176,PM1.0: 32  PM2.5: 56  PM10: 69
1765267500684022218,PM1.0: 33  PM2.5: 57  PM10: 69
1765267501731751573,PM1.0: 33  PM2.5: 56  PM10: 69
1765267502779013819,PM1.0: 33  PM2.5: 56  PM10: 69
1765267503826287953,PM1.0: 32  PM2.5: 55  PM10: 68
1765267504874115919,PM1.0: 32  PM2.5: 55  PM10: 67
1765267505921313517,PM1.0: 32  PM2.5: 54  PM10: 67
1765267506968731262,PM1.0: 33  PM2.5: 55  PM10: 68
1765267508015893008,PM1.0: 33  PM2.5: 54  PM10: 67
1765267509063432141,PM1.0: 32  PM2.5: 53  PM10: 66
1765267510110133704,PM1.0: 32  PM2.5: 53  PM10: 66
1765267511157847133,PM1.0: 32  PM2.5: 53  PM10: 66
1765267512205623303,PM1.0: 32  PM2.5: 53  PM10: 66
1765267513252669012,PM1.0: 32  PM2.5: 52  PM10: 66
1765267514301042717,PM1.0: 32  PM2.5: 52  PM10: 66
1765267515351995172,PM1.0: 32  PM2.5: 52  PM10: 66
1765267516395140339,PM1.0: 32  PM2.5: 52  PM10: 66
1765267517443237008,PM1.0: 32  PM2.5: 52  PM10: 66
1765267518490444068,PM1.0: 33  PM2.5: 53  PM10: 67
1765267519537234001,PM1.0: 33  PM2.5: 54  PM10: 67
1765267520585388077,PM1.0: 33  PM2.5: 54  PM10: 67
1765267521632264638,PM1.0: 33  PM2.5: 54  PM10: 67
1765267522679664106,PM1.0: 33  PM2.5: 54  PM10: 67
1765267523727745997,PM1.0: 33  PM2.5: 54  PM10: 67
1765267524774999353,PM1.0: 32  PM2.5: 53  PM10: 66
1765267525823410299,PM1.0: 32  PM2.5: 53  PM10: 66
1765267526870160990,PM1.0: 32  PM2.5: 54  PM10: 66
1765267527917259311,PM1.0: 33  PM2.5: 55  PM10: 67
1765267528964611926,PM1.0: 33  PM2.5: 55  PM10: 67
1765267530012261467,PM1.0: 32  PM2.5: 54  PM10: 66
1765267531060542672,PM1.0: 32  PM2.5: 54  PM10: 66
1765267532107501678,PM1.0: 32  PM2.5: 54  PM10: 66
1765267533154372499,PM1.0: 33  PM2.5: 55  PM10: 67
1765267534202164409,PM1.0: 33  PM2.5: 55  PM10: 67
1765267535249511377,PM1.0: 33  PM2.5: 55  PM10: 67
1765267536296576790,PM1.0: 32  PM2.5: 54  PM10: 66
1765267537343941128,PM1.0: 32  PM2.5: 54  PM10: 66
1765267538391614409,PM1.0: 32  PM2.5: 55  PM10: 66
1765267539439196024,PM1.0: 32  PM2.5: 55  PM10: 67
1765267540488000468,PM1.0: 32  PM2.5: 55  PM10: 67
1765267541534218143,PM1.0: 32  PM2.5: 55  PM10: 67
1765267542581522147,PM1.0: 33  PM2.5: 56  PM10: 68
1765267543629876926,PM1.0: 33  PM2.5: 56  PM10: 68
1765267544676613970,PM1.0: 33  PM2.5: 56  PM10: 68
1765267545723906586,PM1.0: 33  PM2.5: 56  PM10: 68
1765267546771053462,PM1.0: 33  PM2.5: 56  PM10: 68
1765267547818910372,PM1.0: 33  PM2.5: 56  PM10: 68
1765267548866069247,PM1.0: 32  PM2.5: 55  PM10: 67
1765267549913457955,PM1.0: 32  PM2.5: 55  PM10: 67
1765267550961113033,PM1.0: 33  PM2.5: 56  PM10: 68
1765267552009258072,PM1.0: 33  PM2.5: 56  PM10: 68
1765267553055726783,PM1.0: 33  PM2.5: 56  PM10: 68
1765267554103007343,PM1.0: 33  PM2.5: 57  PM10: 68
1765267555150810643,PM1.0: 33  PM2.5: 57  PM10: 68
1765267556198110666,PM1.0: 33  PM2.5: 57  PM10: 68
1765267557247857996,PM1.0: 32  PM2.5: 56  PM10: 67
1765267558293243600,PM1.0: 33  PM2.5: 56  PM10: 68
1765267559340483586,PM1.0: 33  PM2.5: 56  PM10: 68
1765267560388041016,PM1.0: 33  PM2.5: 57  PM10: 68
1765267561435152373,PM1.0: 33  PM2.5: 57  PM10: 68
1765267562482878524,PM1.0: 33  PM2.5: 57  PM10: 68
1765267563530147400,PM1.0: 33  PM2.5: 57  PM10: 69
1765267564577458515,PM1.0: 33  PM2.5: 57  PM10: 69
1765267565625277629,PM1.0: 33  PM2.5: 57  PM10: 69
1765267566672461949,PM1.0: 33  PM2.5: 57  PM10: 69
1765267567720413489,PM1.0: 33  PM2.5: 57  PM10: 69
1765267568767490902,PM1.0: 33  PM2.5: 57  PM10: 69
1765267569815052424,PM1.0: 32  PM2.5: 57  PM10: 68
1765267570862281373,PM1.0: 32  PM2.5: 57  PM10: 68
1765267571910171524,PM1.0: 32  PM2.5: 57  PM10: 68
1765267572957204345,PM1.0: 32  PM2.5: 57  PM10: 68
1765267574004735330,PM1.0: 32  PM2.5: 56  PM10: 67
1765267575051738595,PM1.0: 34  PM2.5: 57  PM10: 68
1765267576099055674,PM1.0: 34  PM2.5: 57  PM10: 68
1765267577146752529,PM1.0: 34  PM2.5: 57  PM10: 68
